{"tableList":[{"x":-1.0,"y":-1.0},{"x":-4.171872138977051,"y":0.6819202303886414},{"x":1.9464325904846192,"y":1.1841514110565186}]}